bank_IDRSSD,holder_RSSD,name,total_assets,failed
852218,1039502,"JPMORGAN CHASE BANK, NATIONAL ASSOCIATION",3201942000.0,False
480228,1073757,"BANK OF AMERICA, NATIONAL ASSOCIATION",2418508000.0,False
476810,1951350,"CITIBANK, N.A.",1764139000.0,False
451965,1120754,"WELLS FARGO BANK, NATIONAL ASSOCIATION",1717531000.0,False
504713,1119794,U.S. BANK NATIONAL ASSOCIATION,585135605.0,False
817824,1069778,"PNC BANK, NATIONAL ASSOCIATION",552307127.0,False
852320,1074156,TRUIST BANK,545969000.0,False
112837,2277860,"CAPITAL ONE, NATIONAL ASSOCIATION",453313240.0,False
541101,3587146,"BANK OF NEW YORK MELLON, THE",324646000.0,False
35301,1111435,STATE STREET BANK AND TRUST COMPANY,298020000.0,False
3303298,1132449,"CITIZENS BANK, NATIONAL ASSOCIATION",226401591.0,False
4114567,4114567,FIRST REPUBLIC BANK,212638872.0,True
802866,1031449,SILICON VALLEY BANK,209026000.0,True
723112,1070345,"FIFTH THIRD BANK, NATIONAL ASSOCIATION",206289179.0,False
501105,1037003,MANUFACTURERS AND TRADERS TRUST COMPANY,200262969.0,False
280110,1068025,KEYBANK NATIONAL ASSOCIATION,187590465.0,False
12311,1068191,"HUNTINGTON NATIONAL BANK, THE",182325674.0,False
3284070,1562859,ALLY BANK,181890000.0,False
1394676,1275216,AMERICAN EXPRESS NATIONAL BANK,155378079.0,False
210434,1199611,"NORTHERN TRUST COMPANY, THE",154522864.0,False
233031,3242838,REGIONS BANK,154203000.0,False
30810,3846375,DISCOVER BANK,129592344.0,False
2942690,2942690,SIGNATURE BANK,110363650.0,True
491224,1075612,FIRST-CITIZENS BANK & TRUST COMPANY,109180139.0,False
1216022,4504654,SYNCHRONY BANK,96300000.0,False
694904,2132932,"FLAGSTAR BANK, NATIONAL ASSOCIATION",90036656.0,False
276579,276579,"ZIONS BANCORPORATION, NATIONAL ASSOCIATION",89544919.0,False
60143,1199844,COMERICA BANK,85531000.0,False
485559,1094640,FIRST HORIZON BANK,78672073.0,False
761806,1145476,"WEBSTER BANK, NATIONAL ASSOCIATION",71166370.0,False
3138146,2349815,WESTERN ALLIANCE BANK,67683841.0,False
197478,2734233,EAST WEST BANK,64087895.0,False
395238,1078846,SYNOVUS BANK,59629623.0,False
229801,1048773,VALLEY NATIONAL BANK,57451653.0,False
682563,1102367,FROST BANK,52953767.0,False
606046,606046,CADENCE BANK,48668073.0,False
339858,1883693,"BOKF, NATIONAL ASSOCIATION",47596192.0,False
208244,1098303,OLD NATIONAL BANK,46490438.0,False
1929247,1133437,"SOUTHSTATE BANK, N.A.",43900126.0,False
379920,3005332,FIRST NATIONAL BANK OF PENNSYLVANIA,43726588.0,False
2925666,2925657,PINNACLE BANK,41842515.0,False
494261,3153130,PACIFIC WESTERN BANK,41183756.0,False
917742,1199563,"ASSOCIATED BANK, NATIONAL ASSOCIATION",39358786.0,False
936855,1049828,"UMB BANK, NATIONAL ASSOCIATION",38279055.0,False
664756,1109599,PROSPERITY BANK,37695970.0,False
3938186,4028712,"BANKUNITED, NATIONAL ASSOCIATION",36897184.0,False
463735,1086533,HANCOCK WHITNEY BANK,35158162.0,False
143662,2078816,UMPQUA BANK,31844724.0,False
601050,1049341,COMMERCE BANK,31679817.0,False
365325,1076217,UNITED BANK,29430409.0,False
2618780,2706735,TEXAS CAPITAL BANK,28398434.0,False
107244,107244,BANK OZK,27656568.0,False
663245,1094828,SIMMONS BANK,27409758.0,False
474919,1117129,"FULTON BANK, NATIONAL ASSOCIATION",26819331.0,False
2634191,2003975,GLACIER BANK,26612483.0,False
764030,1082067,AMERIS BANK,24967889.0,False
980661,1025608,FIRST HAWAIIAN BANK,24576937.0,False
795968,1025309,BANK OF HAWAII,23579258.0,False
456045,1491409,CENTENNIAL BANK,22808174.0,False
128904,1427239,EASTERN BANK,22629483.0,False
595869,1843080,CATHAY BANK,21936467.0,False
431172,3489594,PACIFIC PREMIER BANK,21691786.0,False
2354985,4284536,CUSTOMERS BANK,20879065.0,False
693224,1971693,ATLANTIC UNION BANK,20342081.0,False
437914,3844269,"WILMINGTON SAVINGS FUND SOCIETY, FSB",19808858.0,False
613008,1136803,ROCKLAND TRUST COMPANY,19296982.0,False
671464,2961879,BANK OF HOPE,19159409.0,False
510871,2744894,FIRSTBANK PUERTO RICO,18626645.0,False
122854,3140288,INDEPENDENT BANK DBA INDEPENDENT FINANCIAL,18252788.0,False
342634,1079562,TRUSTMARK NATIONAL BANK,18013146.0,False
17147,1208559,FIRST MERCHANTS BANK,17923519.0,False
749242,1098844,RENASANT BANK,16995485.0,False
165628,1071276,FIRST FINANCIAL BANK,16915645.0,False
645625,1070448,"WESBANCO BANK, INC.",16894686.0,False
933966,1029222,CITIZENS BUSINESS BANK,16474239.0,False
2797724,2797724,TOWNEBANK,15845722.0,False
352772,2126977,BANNER BANK,15821645.0,False
202907,1048867,"COMMUNITY BANK, NATIONAL ASSOCIATION",15614778.0,False
3475083,3475074,TRISTATE CAPITAL BANK,15595743.0,False
1002878,4122722,NORTHWEST BANK,14213677.0,False
506922,1248304,SANDY SPRING BANK,13827883.0,False
204004,3133637,PROVIDENT BANK,13778066.0,False
23504,1416523,DIME COMMUNITY BANK,13173581.0,False
1190476,2303910,ENTERPRISE BANK & TRUST,13020948.0,False
3637685,3842658,FIRST FOUNDATION BANK,12980327.0,False
470050,1102312,"FIRST FINANCIAL BANK, NATIONAL ASSOCIATION",12922116.0,False
436159,1132104,FIRSTBANK,12826414.0,False
963945,3530786,MERCHANTS BANK OF INDIANA,12354380.0,False
416245,1203602,BUSEY BANK,12304953.0,False
3221468,4105266,VERITEX COMMUNITY BANK,12148275.0,False
34537,1085013,SEACOAST NATIONAL BANK,12140146.0,False
702117,1139279,"NBT BANK, NATIONAL ASSOCIATION",11659908.0,False
473501,2333663,BERKSHIRE BANK,11656860.0,False
2652092,2652104,EAGLEBANK,11097748.0,False
3579589,3594872,ALLEGIANCE BANK,10891835.0,False
687009,1404799,LAKELAND BANK,10777878.0,False
216922,1076431,FIRST BANK,10625188.0,False
1386251,1133286,BANCFIRST,10406351.0,False
968070,4226910,CAPITOL FEDERAL SAVINGS BANK,9950802.0,False
100562,1030170,TRI COUNTIES BANK,9926655.0,False
489623,1142336,"PARK NATIONAL BANK, THE",9815951.0,False
42420,1071306,FIRST COMMONWEALTH BANK,9776999.0,False
3650808,3884863,LIVE OAK BANKING COMPANY,9738922.0,False
245276,2490575,ORIENTAL BANK,9709667.0,False
2239288,2260406,"WINTRUST BANK, NATIONAL ASSOCIATION",9659979.0,False
3317932,1048764,CONNECTONE BANK,9640575.0,False
667757,1885307,ORIGIN BANK,9631077.0,False
4210227,3973888,NBH BANK,9523916.0,False
258771,3843507,HOMESTREET BANK,9335429.0,False
3465226,1206546,HTLF BANK,9178296.0,False
936426,1071397,S & T BANK,9106184.0,False
83638,1135972,"AMERANT BANK, NATIONAL ASSOCIATION",9101588.0,False
1001152,1104231,INTERNATIONAL BANK OF COMMERCE,8748621.0,False
2941068,3103603,NICOLET NATIONAL BANK,8748360.0,False
959304,2393274,FLUSHING BANK,8421743.0,False
981275,3316917,PREMIER BANK,8408012.0,False
991340,1199602,1ST SOURCE BANK,8334906.0,False
633378,3099443,KEARNY BANK,8283971.0,False
497570,3814208,LUTHER BURBANK SAVINGS,7971940.0,False
2858960,2858951,"BANCORP BANK NATIONAL ASSOCIATION, THE",7897432.0,False
661308,5559343,AMALGAMATED BANK,7856868.0,False
130541,1209136,HORIZON BANK,7794340.0,False
773247,1491351,MIDLAND STATES BANK,7783278.0,False
433608,2367921,TOMPKINS COMMUNITY BANK,7630619.0,False
361167,1245068,SOUTHSIDE BANK,7554150.0,False
317342,1249730,STOCK YARDS BANK & TRUST COMPANY,7488838.0,False
701062,1022764,CENTRAL PACIFIC BANK,7419533.0,False
657365,2900261,HANMI BANK,7348419.0,False
129732,1204627,BYLINE BANK,7347241.0,False
354310,1116609,UNIVEST BANK AND TRUST CO.,7207694.0,False
577128,1070578,PEOPLES BANK,7197574.0,False
881478,2166124,HERITAGE BANK,6977262.0,False
697763,1025541,WESTAMERICA BANK,6909609.0,False
762447,1206760,"FIRST MID BANK & TRUST, NATIONAL ASSOCIATION",6704869.0,False
816603,1115349,"WASHINGTON TRUST COMPANY, OF WESTERLY, THE",6659837.0,False
435077,2390013,"PATHWARD, NATIONAL ASSOCIATION",6649091.0,False
3594005,3903661,CROSSFIRST BANK,6596702.0,False
836843,1245228,MIDWESTONE BANK,6574512.0,False
2385514,2385493,"FIRST BANK, THE",6463617.0,False
1918344,1918344,PREFERRED BANK,6425969.0,False
874845,1208906,LAKE CITY BANK,6412535.0,False
236706,2651590,PEAPACK-GLADSTONE BANK,6351237.0,False
2705895,2820211,METROPOLITAN COMMERCIAL BANK,6265921.0,False
37640,1098620,GERMAN AMERICAN BANK,6150272.0,False
782306,2631510,BROOKLINE BANK,6055752.0,False
677176,1048513,TRUSTCO BANK,5999551.0,False
936136,1206911,OLD SECOND NATIONAL BANK,5883754.0,False
316840,1097025,REPUBLIC BANK & TRUST COMPANY,5825549.0,False
601416,1032464,FIVE STAR BANK,5756441.0,False
572374,2339133,GREAT SOUTHERN BANK,5684000.0,False
593007,1130249,CAMDEN NATIONAL BANK,5662457.0,False
28013,3132863,NORTHFIELD BANK,5623771.0,False
736206,1115013,CAMBRIDGE TRUST COMPANY,5559387.0,False
399517,1118340,CNB BANK,5453779.0,False
40499,4973353,HARBORONE BANK,5362221.0,False
509811,1070644,"COMMUNITY TRUST BANK, INC.",5351295.0,False
766164,3233126,"TBK BANK, SSB",5331967.0,False
2209553,2634874,HERITAGE BANK OF COMMERCE,5152676.0,False
636771,1201925,INDEPENDENT BANK,4995759.0,False
139656,3180547,EQUITY BANK,4976744.0,False
693345,1208595,"FIRST FINANCIAL BANK, NATIONAL ASSOCIATION",4973142.0,False
2608754,2608763,MERCANTILE BANK,4853001.0,False
3532641,1131497,SMARTBANK,4631368.0,False
2758613,3393178,FIRST INTERNET BANK OF INDIANA,4534480.0,False
876634,1085509,CAPITAL CITY BANK,4513488.0,False
786612,1944204,MID PENN BANK,4481008.0,False
1356768,2461016,ENTERPRISE BANK AND TRUST COMPANY,4438333.0,False
3378773,3378764,BRIDGEWATER BANK,4340923.0,False
426534,1208120,HEARTLAND BANK AND TRUST COMPANY,4281261.0,False
837000,1048894,"FIRST NATIONAL BANK OF LONG ISLAND, THE",4279384.0,False
3476192,5530258,CARTER BANK & TRUST,4199820.0,False
1436204,3590388,BANK OF MARIN,4148631.0,False
680813,1071191,"FARMERS NATIONAL BANK OF CANFIELD, THE",4065303.0,False
575254,2033226,CITY BANK,3942106.0,False
3835454,4176855,ROYAL BUSINESS BANK,3915530.0,False
522605,1115385,BAR HARBOR BANK AND TRUST COMPANY,3906943.0,False
2372774,1247679,"SUMMIT COMMUNITY BANK, INC.",3890541.0,False
933256,2067007,"ALERUS FINANCIAL, NATIONAL ASSOCIATION",3778066.0,False
3630323,4475473,"THIRD COAST BANK, SSB",3768484.0,False
2849801,2849799,SOUTHERN FIRST BANK,3694134.0,False
594947,1208009,"BANK FIRST, NATIONAL ASSOCIATION",3658116.0,False
212577,4366003,HOMETRUST BANK,3646842.0,False
139740,1210066,WEST BANK,3611269.0,False
662369,2976396,BANK OF THE SIERRA,3607850.0,False
933621,5756704,BURKE AND HERBERT BANK AND TRUST COMPANY,3563307.0,False
2954059,3170539,BCB COMMUNITY BANK,3545894.0,False
542528,1246533,CIVISTA BANK,3533305.0,False
933023,2429838,"SHORE UNITED BANK, NATIONAL ASSOCIATION",3476775.0,False
3437456,4750086,METRO CITY BANK,3440092.0,False
272272,3266227,SOUTHERN BANK,3423751.0,False
3109043,3553815,BANKWELL BANK,3249463.0,False
2867337,3162927,FIVE STAR BANK,3224069.0,False
929978,3851191,"HOME BANK, NATIONAL ASSOCIATION",3221051.0,False
422433,3589560,FIRST GUARANTY BANK,3149346.0,False
2562164,3203008,COASTAL COMMUNITY BANK,3141703.0,False
866000,1048812,GLENS FALLS NATIONAL BANK AND TRUST COMPANY,3125180.0,False
2353595,1478017,FIRST COMMUNITY BANK,3112618.0,False
2743244,2743235,RED RIVER BANK,3082034.0,False
958727,1076691,AMERICAN NATIONAL BANK AND TRUST COMPANY,3061152.0,False
2757205,3211601,"MVB BANK, INC.",3029565.0,False
214414,1134630,"FARMERS & MERCHANTS STATE BANK, THE",3002849.0,False
537449,1247428,FIRST BUSINESS BANK,2978956.0,False
491934,1085170,COLONY BANK,2927951.0,False
342410,1248153,ORRSTOWN BANK,2918941.0,False
2634351,2634696,MACATAWA BANK,2906669.0,False
3158546,3189906,FIRST WESTERN TRUST BANK,2863212.0,False
3401970,3401970,FIRST BANK,2732940.0,False
439404,1133932,FIRST NATIONAL BANK,2704047.0,False
1718188,3025385,NORTHRIM BANK,2656653.0,False
884303,1133594,CHEMUNG CANAL TRUST COMPANY,2641568.0,False
3281510,5069897,UNITED BUSINESS BANK,2495514.0,False
5210,1117464,ACNB BANK,2487272.0,False
979375,3852031,"STERLING BANK AND TRUST, FSB",2444260.0,False
895710,1143623,CITIZENS & NORTHERN BANK,2439371.0,False
1890525,2181426,UNITY BANK,2431532.0,False
703767,2935405,CENTRAL VALLEY COMMUNITY BANK,2421530.0,False
697978,2523389,COMMUNITY BANK OF THE CHESAPEAKE,2408423.0,False
324340,1139297,CHOICEONE BANK,2382585.0,False
1007819,2858773,"FIDELITY DEPOSIT AND DISCOUNT BANK, THE",2378265.0,False
3419416,5039724,JOHN MARSHALL BANK,2345424.0,False
3614976,4875907,FVCBANK,2338603.0,False
978118,1118368,FIRST CITIZENS COMMUNITY BANK,2329851.0,False
2142155,2125813,QUAD CITY BANK AND TRUST COMPANY,2304453.0,False
3076453,5443938,"BANK OF SOUTHERN CALIFORNIA, NATIONAL ASSOCIATION",2282934.0,False
176101,3596009,ORANGE BANK & TRUST COMPANY,2277724.0,False
785473,3908929,FIRST SAVINGS BANK,2192809.0,False
556815,1142475,"PEOPLES BANK, A CODORUS VALLEY COMPANY",2192138.0,False
3357219,4980409,OPEN BANK,2094205.0,False
3146150,5681262,U.S. CENTURY BANK,2085834.0,False
2808602,2808590,"CAPITAL BANK, NATIONAL ASSOCIATION",2069955.0,False
3271799,5033580,MERIDIAN BANK,2062088.0,False
59316,2365356,WAYNE BANK,2048365.0,False
310978,4523431,WATERSTONE BANK,2027068.0,False
403179,4438366,FIRST FED BANK,2019046.0,False
1864197,3726440,OAK VALLEY COMMUNITY BANK,1968293.0,False
685676,4126609,OPPORTUNITY BANK OF MONTANA,1941231.0,False
3248849,4977397,MAINSTREET BANK,1924469.0,False
785923,2759900,LCNB NATIONAL BANK,1915139.0,False
508346,2038409,HAWTHORN BANK,1913413.0,False
61122,1132672,FIRST UNITED BANK & TRUST,1825844.0,False
767974,3828577,CFBANK NATIONAL ASSOCIATION,1812804.0,False
289515,1118238,FARMERS AND MERCHANTS TRUST COMPANY OF CHAMBERSBURG,1699086.0,False
177920,1398740,"MIDDLEFIELD BANKING COMPANY, THE",1684434.0,False
754929,1139925,"NATIONAL BANK OF BLACKSBURG, THE",1674446.0,False
2328137,2337401,FIRST COMMUNITY BANK,1672295.0,False
2708122,4517261,VIRGINIA NATIONAL BANK,1621725.0,False
220527,2818245,PEOPLES BANK,1620439.0,False
3595271,5756133,"BANK OF PRINCETON, THE",1601779.0,False
921178,3180060,RIVERVIEW BANK,1597455.0,False
18854,3256134,BANK7,1583235.0,False
821906,2693273,SALISBURY BANK AND TRUST COMPANY,1541582.0,False
768074,3843628,FIRST FINANCIAL NORTHWEST BANK,1502767.0,False
481177,3030307,LANDMARK NATIONAL BANK,1498800.0,False
522847,1249712,"LIMESTONE BANK, INC",1453555.0,False
371924,3333718,COMMUNITY BANK,1407091.0,False
729310,2596776,PATHFINDER BANK,1404490.0,False
186221,1076673,"OLD POINT NATIONAL BANK OF PHOEBUS, THE",1347151.0,False
333203,1114940,UNION BANK,1335789.0,False
419675,5371947,FIRST BANK RICHMOND,1324581.0,False
29636,1083475,"CITIZENS BANK OF PHILADELPHIA, THE",1323586.0,False
1162017,3015975,UNITED SECURITY BANK,1300337.0,False
498317,2012436,"OHIO VALLEY BANK COMPANY, THE",1193379.0,False
716374,2867458,FIRST HARRISON BANK,1146163.0,False
561574,561574,SUMMIT STATE BANK,1115484.0,False
1412712,2626299,"COMMUNITY WEST BANK, NATIONAL ASSOCIATION",1091378.0,False
780218,1136009,"UNION BANK COMPANY, THE",1084777.0,False
2236821,2840479,"PATRIOT BANK, NATIONAL ASSOCIATION",1044183.0,False
749635,1129533,AUBURNBANK,1023366.0,False
676478,3805279,MALVERN BANK NA,1017629.0,False
119528,1480944,"FARMERS NATIONAL BANK OF EMLENTON, THE",1011490.0,False
2787770,3217032,BANK OF THE JAMES,918549.0,False
321273,5535301,AFFINITY BANK,791958.0,False
584724,1071502,UNIFIED BANK,755071.0,False
2760232,3251027,VILLAGE BANK,723014.0,False
268677,2531245,CARVER FEDERAL SAVINGS BANK,712939.0,False
246022,2297701,"BANK OF SOUTH CAROLINA, THE",653333.0,False
2953418,3251661,OPTIMUMBANK,583694.0,False
628123,2001328,"BANK OF GLEN BURNIE, THE",381433.0,False
